age_group,min_age,max_age,gender,carbohydrate_g,lipid_g,protein_g,notes
Bayi (0-5 bulan),0.0,0.4167,All,59,31,9,AKG 2019 official group: Bayi/Anak 0-5 bulan; source=Permenkes 28/2019
Bayi (6-11 bulan),0.5,0.9167,All,105,35,15,AKG 2019 official group: Bayi/Anak 6-11 bulan; source=Permenkes 28/2019
Anak (1-3 tahun),1,3,All,215,45,20,AKG 2019 official group: Bayi/Anak 1-3 tahun; source=Permenkes 28/2019
Anak (4-6 tahun),4,6,All,220,50,25,AKG 2019 official group: Bayi/Anak 4-6 tahun; source=Permenkes 28/2019
Anak (7-9 tahun),7,9,All,250,55,40,AKG 2019 official group: Bayi/Anak 7-9 tahun; source=Permenkes 28/2019
Remaja (10-12 tahun),10,12,Male,300,65,50,AKG 2019 official group: Laki-laki 10-12 tahun; source=Permenkes 28/2019
Remaja (10-12 tahun),10,12,Female,280,65,55,AKG 2019 official group: Perempuan 10-12 tahun; source=Permenkes 28/2019
Remaja (13-15 tahun),13,15,Male,350,80,70,AKG 2019 official group: Laki-laki 13-15 tahun; source=Permenkes 28/2019
Remaja (13-15 tahun),13,15,Female,300,70,65,AKG 2019 official group: Perempuan 13-15 tahun; source=Permenkes 28/2019
Remaja (16-18 tahun),16,18,Male,400,85,75,AKG 2019 official group: Laki-laki 16-18 tahun; source=Permenkes 28/2019
Remaja (16-18 tahun),16,18,Female,300,70,65,AKG 2019 official group: Perempuan 16-18 tahun; source=Permenkes 28/2019
Dewasa Muda (19-29 tahun),19,29,Male,430,75,65,AKG 2019 official group: Laki-laki 19-29 tahun; source=Permenkes 28/2019
Dewasa Muda (19-29 tahun),19,29,Female,360,65,60,AKG 2019 official group: Perempuan 19-29 tahun; source=Permenkes 28/2019
Dewasa (30-49 tahun),30,49,Male,415,70,65,AKG 2019 official group: Laki-laki 30-49 tahun; source=Permenkes 28/2019
Dewasa (30-49 tahun),30,49,Female,340,60,60,AKG 2019 official group: Perempuan 30-49 tahun; source=Permenkes 28/2019
Dewasa Matang (50-64 tahun),50,64,Male,340,60,65,AKG 2019 official group: Laki-laki 50-64 tahun; source=Permenkes 28/2019
Dewasa Matang (50-64 tahun),50,64,Female,280,50,60,AKG 2019 official group: Perempuan 50-64 tahun; source=Permenkes 28/2019
Lansia (65-80 tahun),65,80,Male,275,50,64,AKG 2019 official group: Laki-laki 65-80 tahun; source=Permenkes 28/2019
Lansia (65-80 tahun),65,80,Female,230,45,58,AKG 2019 official group: Perempuan 65-80 tahun; source=Permenkes 28/2019
Lansia Tua (81+ tahun),81,120,Male,235,45,64,AKG 2019 official group: Laki-laki 80+ tahun; source=Permenkes 28/2019
Lansia Tua (81+ tahun),81,120,Female,200,40,58,AKG 2019 official group: Perempuan 80+ tahun; source=Permenkes 28/2019
Bayi (0 bulan),0.0,0.0833,All,59,31,9,Expanded from AKG 2019 official group: Bayi/Anak 0-5 bulan; source=Permenkes 28/2019
Bayi (1 bulan),0.0833,0.1667,All,59,31,9,Expanded from AKG 2019 official group: Bayi/Anak 0-5 bulan; source=Permenkes 28/2019
Bayi (2 bulan),0.1667,0.25,All,59,31,9,Expanded from AKG 2019 official group: Bayi/Anak 0-5 bulan; source=Permenkes 28/2019
Bayi (3 bulan),0.25,0.3333,All,59,31,9,Expanded from AKG 2019 official group: Bayi/Anak 0-5 bulan; source=Permenkes 28/2019
Bayi (4 bulan),0.3333,0.4167,All,59,31,9,Expanded from AKG 2019 official group: Bayi/Anak 0-5 bulan; source=Permenkes 28/2019
Bayi (5 bulan),0.4167,0.5,All,59,31,9,Expanded from AKG 2019 official group: Bayi/Anak 0-5 bulan; source=Permenkes 28/2019
Bayi (6 bulan),0.5,0.5833,All,105,35,15,Expanded from AKG 2019 official group: Bayi/Anak 6-11 bulan; source=Permenkes 28/2019
Bayi (7 bulan),0.5833,0.6667,All,105,35,15,Expanded from AKG 2019 official group: Bayi/Anak 6-11 bulan; source=Permenkes 28/2019
Bayi (8 bulan),0.6667,0.75,All,105,35,15,Expanded from AKG 2019 official group: Bayi/Anak 6-11 bulan; source=Permenkes 28/2019
Bayi (9 bulan),0.75,0.8333,All,105,35,15,Expanded from AKG 2019 official group: Bayi/Anak 6-11 bulan; source=Permenkes 28/2019
Bayi (10 bulan),0.8333,0.9167,All,105,35,15,Expanded from AKG 2019 official group: Bayi/Anak 6-11 bulan; source=Permenkes 28/2019
Bayi (11 bulan),0.9167,1.0,All,105,35,15,Expanded from AKG 2019 official group: Bayi/Anak 6-11 bulan; source=Permenkes 28/2019
Anak (1 tahun),1,2,All,215,45,20,Expanded from AKG 2019 official group: Bayi/Anak 1-3 tahun; source=Permenkes 28/2019
Anak (2 tahun),2,3,All,215,45,20,Expanded from AKG 2019 official group: Bayi/Anak 1-3 tahun; source=Permenkes 28/2019
Anak (3 tahun),3,3,All,215,45,20,Expanded from AKG 2019 official group: Bayi/Anak 1-3 tahun; source=Permenkes 28/2019
Anak (4 tahun),4,5,All,220,50,25,Expanded from AKG 2019 official group: Bayi/Anak 4-6 tahun; source=Permenkes 28/2019
Anak (5 tahun),5,6,All,220,50,25,Expanded from AKG 2019 official group: Bayi/Anak 4-6 tahun; source=Permenkes 28/2019
Anak (6 tahun),6,6,All,220,50,25,Expanded from AKG 2019 official group: Bayi/Anak 4-6 tahun; source=Permenkes 28/2019
Anak (7 tahun),7,8,All,250,55,40,Expanded from AKG 2019 official group: Bayi/Anak 7-9 tahun; source=Permenkes 28/2019
Anak (8 tahun),8,9,All,250,55,40,Expanded from AKG 2019 official group: Bayi/Anak 7-9 tahun; source=Permenkes 28/2019
Anak (9 tahun),9,9,All,250,55,40,Expanded from AKG 2019 official group: Bayi/Anak 7-9 tahun; source=Permenkes 28/2019
Remaja (10 tahun),10,11,Male,300,65,50,Expanded from AKG 2019 official group: Laki-laki 10-12 tahun; source=Permenkes 28/2019
Remaja (10 tahun),10,11,Female,280,65,55,Expanded from AKG 2019 official group: Perempuan 10-12 tahun; source=Permenkes 28/2019
Remaja (11 tahun),11,12,Male,300,65,50,Expanded from AKG 2019 official group: Laki-laki 10-12 tahun; source=Permenkes 28/2019
Remaja (11 tahun),11,12,Female,280,65,55,Expanded from AKG 2019 official group: Perempuan 10-12 tahun; source=Permenkes 28/2019
Remaja (12 tahun),12,12,Male,300,65,50,Expanded from AKG 2019 official group: Laki-laki 10-12 tahun; source=Permenkes 28/2019
Remaja (12 tahun),12,12,Female,280,65,55,Expanded from AKG 2019 official group: Perempuan 10-12 tahun; source=Permenkes 28/2019
Remaja (13 tahun),13,14,Male,350,80,70,Expanded from AKG 2019 official group: Laki-laki 13-15 tahun; source=Permenkes 28/2019
Remaja (13 tahun),13,14,Female,300,70,65,Expanded from AKG 2019 official group: Perempuan 13-15 tahun; source=Permenkes 28/2019
Remaja (14 tahun),14,15,Male,350,80,70,Expanded from AKG 2019 official group: Laki-laki 13-15 tahun; source=Permenkes 28/2019
Remaja (14 tahun),14,15,Female,300,70,65,Expanded from AKG 2019 official group: Perempuan 13-15 tahun; source=Permenkes 28/2019
Remaja (15 tahun),15,15,Male,350,80,70,Expanded from AKG 2019 official group: Laki-laki 13-15 tahun; source=Permenkes 28/2019
Remaja (15 tahun),15,15,Female,300,70,65,Expanded from AKG 2019 official group: Perempuan 13-15 tahun; source=Permenkes 28/2019
Remaja (16 tahun),16,17,Male,400,85,75,Expanded from AKG 2019 official group: Laki-laki 16-18 tahun; source=Permenkes 28/2019
Remaja (16 tahun),16,17,Female,300,70,65,Expanded from AKG 2019 official group: Perempuan 16-18 tahun; source=Permenkes 28/2019
Remaja (17 tahun),17,18,Male,400,85,75,Expanded from AKG 2019 official group: Laki-laki 16-18 tahun; source=Permenkes 28/2019
Remaja (17 tahun),17,18,Female,300,70,65,Expanded from AKG 2019 official group: Perempuan 16-18 tahun; source=Permenkes 28/2019
Remaja (18 tahun),18,18,Male,400,85,75,Expanded from AKG 2019 official group: Laki-laki 16-18 tahun; source=Permenkes 28/2019
Remaja (18 tahun),18,18,Female,300,70,65,Expanded from AKG 2019 official group: Perempuan 16-18 tahun; source=Permenkes 28/2019
Dewasa Muda (19 tahun),19,20,Male,430,75,65,Expanded from AKG 2019 official group: Laki-laki 19-29 tahun; source=Permenkes 28/2019
Dewasa Muda (19 tahun),19,20,Female,360,65,60,Expanded from AKG 2019 official group: Perempuan 19-29 tahun; source=Permenkes 28/2019
Dewasa Muda (20 tahun),20,21,Male,430,75,65,Expanded from AKG 2019 official group: Laki-laki 19-29 tahun; source=Permenkes 28/2019
Dewasa Muda (20 tahun),20,21,Female,360,65,60,Expanded from AKG 2019 official group: Perempuan 19-29 tahun; source=Permenkes 28/2019
Dewasa Muda (21 tahun),21,22,Male,430,75,65,Expanded from AKG 2019 official group: Laki-laki 19-29 tahun; source=Permenkes 28/2019
Dewasa Muda (21 tahun),21,22,Female,360,65,60,Expanded from AKG 2019 official group: Perempuan 19-29 tahun; source=Permenkes 28/2019
Dewasa Muda (22 tahun),22,23,Male,430,75,65,Expanded from AKG 2019 official group: Laki-laki 19-29 tahun; source=Permenkes 28/2019
Dewasa Muda (22 tahun),22,23,Female,360,65,60,Expanded from AKG 2019 official group: Perempuan 19-29 tahun; source=Permenkes 28/2019
Dewasa Muda (23 tahun),23,24,Male,430,75,65,Expanded from AKG 2019 official group: Laki-laki 19-29 tahun; source=Permenkes 28/2019
Dewasa Muda (23 tahun),23,24,Female,360,65,60,Expanded from AKG 2019 official group: Perempuan 19-29 tahun; source=Permenkes 28/2019
Dewasa Muda (24 tahun),24,25,Male,430,75,65,Expanded from AKG 2019 official group: Laki-laki 19-29 tahun; source=Permenkes 28/2019
Dewasa Muda (24 tahun),24,25,Female,360,65,60,Expanded from AKG 2019 official group: Perempuan 19-29 tahun; source=Permenkes 28/2019
Dewasa Muda (25 tahun),25,26,Male,430,75,65,Expanded from AKG 2019 official group: Laki-laki 19-29 tahun; source=Permenkes 28/2019
Dewasa Muda (25 tahun),25,26,Female,360,65,60,Expanded from AKG 2019 official group: Perempuan 19-29 tahun; source=Permenkes 28/2019
Dewasa Muda (26 tahun),26,27,Male,430,75,65,Expanded from AKG 2019 official group: Laki-laki 19-29 tahun; source=Permenkes 28/2019
Dewasa Muda (26 tahun),26,27,Female,360,65,60,Expanded from AKG 2019 official group: Perempuan 19-29 tahun; source=Permenkes 28/2019
Dewasa Muda (27 tahun),27,28,Male,430,75,65,Expanded from AKG 2019 official group: Laki-laki 19-29 tahun; source=Permenkes 28/2019
Dewasa Muda (27 tahun),27,28,Female,360,65,60,Expanded from AKG 2019 official group: Perempuan 19-29 tahun; source=Permenkes 28/2019
Dewasa Muda (28 tahun),28,29,Male,430,75,65,Expanded from AKG 2019 official group: Laki-laki 19-29 tahun; source=Permenkes 28/2019
Dewasa Muda (28 tahun),28,29,Female,360,65,60,Expanded from AKG 2019 official group: Perempuan 19-29 tahun; source=Permenkes 28/2019
Dewasa Muda (29 tahun),29,29,Male,430,75,65,Expanded from AKG 2019 official group: Laki-laki 19-29 tahun; source=Permenkes 28/2019
Dewasa Muda (29 tahun),29,29,Female,360,65,60,Expanded from AKG 2019 official group: Perempuan 19-29 tahun; source=Permenkes 28/2019
Dewasa (30 tahun),30,31,Male,415,70,65,Expanded from AKG 2019 official group: Laki-laki 30-49 tahun; source=Permenkes 28/2019
Dewasa (30 tahun),30,31,Female,340,60,60,Expanded from AKG 2019 official group: Perempuan 30-49 tahun; source=Permenkes 28/2019
Dewasa (31 tahun),31,32,Male,415,70,65,Expanded from AKG 2019 official group: Laki-laki 30-49 tahun; source=Permenkes 28/2019
Dewasa (31 tahun),31,32,Female,340,60,60,Expanded from AKG 2019 official group: Perempuan 30-49 tahun; source=Permenkes 28/2019
Dewasa (32 tahun),32,33,Male,415,70,65,Expanded from AKG 2019 official group: Laki-laki 30-49 tahun; source=Permenkes 28/2019
Dewasa (32 tahun),32,33,Female,340,60,60,Expanded from AKG 2019 official group: Perempuan 30-49 tahun; source=Permenkes 28/2019
Dewasa (33 tahun),33,34,Male,415,70,65,Expanded from AKG 2019 official group: Laki-laki 30-49 tahun; source=Permenkes 28/2019
Dewasa (33 tahun),33,34,Female,340,60,60,Expanded from AKG 2019 official group: Perempuan 30-49 tahun; source=Permenkes 28/2019
Dewasa (34 tahun),34,35,Male,415,70,65,Expanded from AKG 2019 official group: Laki-laki 30-49 tahun; source=Permenkes 28/2019
Dewasa (34 tahun),34,35,Female,340,60,60,Expanded from AKG 2019 official group: Perempuan 30-49 tahun; source=Permenkes 28/2019
Dewasa (35 tahun),35,36,Male,415,70,65,Expanded from AKG 2019 official group: Laki-laki 30-49 tahun; source=Permenkes 28/2019
Dewasa (35 tahun),35,36,Female,340,60,60,Expanded from AKG 2019 official group: Perempuan 30-49 tahun; source=Permenkes 28/2019
Dewasa (36 tahun),36,37,Male,415,70,65,Expanded from AKG 2019 official group: Laki-laki 30-49 tahun; source=Permenkes 28/2019
Dewasa (36 tahun),36,37,Female,340,60,60,Expanded from AKG 2019 official group: Perempuan 30-49 tahun; source=Permenkes 28/2019
Dewasa (37 tahun),37,38,Male,415,70,65,Expanded from AKG 2019 official group: Laki-laki 30-49 tahun; source=Permenkes 28/2019
Dewasa (37 tahun),37,38,Female,340,60,60,Expanded from AKG 2019 official group: Perempuan 30-49 tahun; source=Permenkes 28/2019
Dewasa (38 tahun),38,39,Male,415,70,65,Expanded from AKG 2019 official group: Laki-laki 30-49 tahun; source=Permenkes 28/2019
Dewasa (38 tahun),38,39,Female,340,60,60,Expanded from AKG 2019 official group: Perempuan 30-49 tahun; source=Permenkes 28/2019
Dewasa (39 tahun),39,40,Male,415,70,65,Expanded from AKG 2019 official group: Laki-laki 30-49 tahun; source=Permenkes 28/2019
Dewasa (39 tahun),39,40,Female,340,60,60,Expanded from AKG 2019 official group: Perempuan 30-49 tahun; source=Permenkes 28/2019
Dewasa (40 tahun),40,41,Male,415,70,65,Expanded from AKG 2019 official group: Laki-laki 30-49 tahun; source=Permenkes 28/2019
Dewasa (40 tahun),40,41,Female,340,60,60,Expanded from AKG 2019 official group: Perempuan 30-49 tahun; source=Permenkes 28/2019
Dewasa (41 tahun),41,42,Male,415,70,65,Expanded from AKG 2019 official group: Laki-laki 30-49 tahun; source=Permenkes 28/2019
Dewasa (41 tahun),41,42,Female,340,60,60,Expanded from AKG 2019 official group: Perempuan 30-49 tahun; source=Permenkes 28/2019
Dewasa (42 tahun),42,43,Male,415,70,65,Expanded from AKG 2019 official group: Laki-laki 30-49 tahun; source=Permenkes 28/2019
Dewasa (42 tahun),42,43,Female,340,60,60,Expanded from AKG 2019 official group: Perempuan 30-49 tahun; source=Permenkes 28/2019
Dewasa (43 tahun),43,44,Male,415,70,65,Expanded from AKG 2019 official group: Laki-laki 30-49 tahun; source=Permenkes 28/2019
Dewasa (43 tahun),43,44,Female,340,60,60,Expanded from AKG 2019 official group: Perempuan 30-49 tahun; source=Permenkes 28/2019
Dewasa (44 tahun),44,45,Male,415,70,65,Expanded from AKG 2019 official group: Laki-laki 30-49 tahun; source=Permenkes 28/2019
Dewasa (44 tahun),44,45,Female,340,60,60,Expanded from AKG 2019 official group: Perempuan 30-49 tahun; source=Permenkes 28/2019
Dewasa (45 tahun),45,46,Male,415,70,65,Expanded from AKG 2019 official group: Laki-laki 30-49 tahun; source=Permenkes 28/2019
Dewasa (45 tahun),45,46,Female,340,60,60,Expanded from AKG 2019 official group: Perempuan 30-49 tahun; source=Permenkes 28/2019
Dewasa (46 tahun),46,47,Male,415,70,65,Expanded from AKG 2019 official group: Laki-laki 30-49 tahun; source=Permenkes 28/2019
Dewasa (46 tahun),46,47,Female,340,60,60,Expanded from AKG 2019 official group: Perempuan 30-49 tahun; source=Permenkes 28/2019
Dewasa (47 tahun),47,48,Male,415,70,65,Expanded from AKG 2019 official group: Laki-laki 30-49 tahun; source=Permenkes 28/2019
Dewasa (47 tahun),47,48,Female,340,60,60,Expanded from AKG 2019 official group: Perempuan 30-49 tahun; source=Permenkes 28/2019
Dewasa (48 tahun),48,49,Male,415,70,65,Expanded from AKG 2019 official group: Laki-laki 30-49 tahun; source=Permenkes 28/2019
Dewasa (48 tahun),48,49,Female,340,60,60,Expanded from AKG 2019 official group: Perempuan 30-49 tahun; source=Permenkes 28/2019
Dewasa (49 tahun),49,49,Male,415,70,65,Expanded from AKG 2019 official group: Laki-laki 30-49 tahun; source=Permenkes 28/2019
Dewasa (49 tahun),49,49,Female,340,60,60,Expanded from AKG 2019 official group: Perempuan 30-49 tahun; source=Permenkes 28/2019
Dewasa Matang (50 tahun),50,51,Male,340,60,65,Expanded from AKG 2019 official group: Laki-laki 50-64 tahun; source=Permenkes 28/2019
Dewasa Matang (50 tahun),50,51,Female,280,50,60,Expanded from AKG 2019 official group: Perempuan 50-64 tahun; source=Permenkes 28/2019
Dewasa Matang (51 tahun),51,52,Male,340,60,65,Expanded from AKG 2019 official group: Laki-laki 50-64 tahun; source=Permenkes 28/2019
Dewasa Matang (51 tahun),51,52,Female,280,50,60,Expanded from AKG 2019 official group: Perempuan 50-64 tahun; source=Permenkes 28/2019
Dewasa Matang (52 tahun),52,53,Male,340,60,65,Expanded from AKG 2019 official group: Laki-laki 50-64 tahun; source=Permenkes 28/2019
Dewasa Matang (52 tahun),52,53,Female,280,50,60,Expanded from AKG 2019 official group: Perempuan 50-64 tahun; source=Permenkes 28/2019
Dewasa Matang (53 tahun),53,54,Male,340,60,65,Expanded from AKG 2019 official group: Laki-laki 50-64 tahun; source=Permenkes 28/2019
Dewasa Matang (53 tahun),53,54,Female,280,50,60,Expanded from AKG 2019 official group: Perempuan 50-64 tahun; source=Permenkes 28/2019
Dewasa Matang (54 tahun),54,55,Male,340,60,65,Expanded from AKG 2019 official group: Laki-laki 50-64 tahun; source=Permenkes 28/2019
Dewasa Matang (54 tahun),54,55,Female,280,50,60,Expanded from AKG 2019 official group: Perempuan 50-64 tahun; source=Permenkes 28/2019
Dewasa Matang (55 tahun),55,56,Male,340,60,65,Expanded from AKG 2019 official group: Laki-laki 50-64 tahun; source=Permenkes 28/2019
Dewasa Matang (55 tahun),55,56,Female,280,50,60,Expanded from AKG 2019 official group: Perempuan 50-64 tahun; source=Permenkes 28/2019
Dewasa Matang (56 tahun),56,57,Male,340,60,65,Expanded from AKG 2019 official group: Laki-laki 50-64 tahun; source=Permenkes 28/2019
Dewasa Matang (56 tahun),56,57,Female,280,50,60,Expanded from AKG 2019 official group: Perempuan 50-64 tahun; source=Permenkes 28/2019
Dewasa Matang (57 tahun),57,58,Male,340,60,65,Expanded from AKG 2019 official group: Laki-laki 50-64 tahun; source=Permenkes 28/2019
Dewasa Matang (57 tahun),57,58,Female,280,50,60,Expanded from AKG 2019 official group: Perempuan 50-64 tahun; source=Permenkes 28/2019
Dewasa Matang (58 tahun),58,59,Male,340,60,65,Expanded from AKG 2019 official group: Laki-laki 50-64 tahun; source=Permenkes 28/2019
Dewasa Matang (58 tahun),58,59,Female,280,50,60,Expanded from AKG 2019 official group: Perempuan 50-64 tahun; source=Permenkes 28/2019
Dewasa Matang (59 tahun),59,60,Male,340,60,65,Expanded from AKG 2019 official group: Laki-laki 50-64 tahun; source=Permenkes 28/2019
Dewasa Matang (59 tahun),59,60,Female,280,50,60,Expanded from AKG 2019 official group: Perempuan 50-64 tahun; source=Permenkes 28/2019
Dewasa Matang (60 tahun),60,61,Male,340,60,65,Expanded from AKG 2019 official group: Laki-laki 50-64 tahun; source=Permenkes 28/2019
Dewasa Matang (60 tahun),60,61,Female,280,50,60,Expanded from AKG 2019 official group: Perempuan 50-64 tahun; source=Permenkes 28/2019
Dewasa Matang (61 tahun),61,62,Male,340,60,65,Expanded from AKG 2019 official group: Laki-laki 50-64 tahun; source=Permenkes 28/2019
Dewasa Matang (61 tahun),61,62,Female,280,50,60,Expanded from AKG 2019 official group: Perempuan 50-64 tahun; source=Permenkes 28/2019
Dewasa Matang (62 tahun),62,63,Male,340,60,65,Expanded from AKG 2019 official group: Laki-laki 50-64 tahun; source=Permenkes 28/2019
Dewasa Matang (62 tahun),62,63,Female,280,50,60,Expanded from AKG 2019 official group: Perempuan 50-64 tahun; source=Permenkes 28/2019
Dewasa Matang (63 tahun),63,64,Male,340,60,65,Expanded from AKG 2019 official group: Laki-laki 50-64 tahun; source=Permenkes 28/2019
Dewasa Matang (63 tahun),63,64,Female,280,50,60,Expanded from AKG 2019 official group: Perempuan 50-64 tahun; source=Permenkes 28/2019
Dewasa Matang (64 tahun),64,64,Male,340,60,65,Expanded from AKG 2019 official group: Laki-laki 50-64 tahun; source=Permenkes 28/2019
Dewasa Matang (64 tahun),64,64,Female,280,50,60,Expanded from AKG 2019 official group: Perempuan 50-64 tahun; source=Permenkes 28/2019
Lansia (65 tahun),65,66,Male,275,50,64,Expanded from AKG 2019 official group: Laki-laki 65-80 tahun; source=Permenkes 28/2019
Lansia (65 tahun),65,66,Female,230,45,58,Expanded from AKG 2019 official group: Perempuan 65-80 tahun; source=Permenkes 28/2019
Lansia (66 tahun),66,67,Male,275,50,64,Expanded from AKG 2019 official group: Laki-laki 65-80 tahun; source=Permenkes 28/2019
Lansia (66 tahun),66,67,Female,230,45,58,Expanded from AKG 2019 official group: Perempuan 65-80 tahun; source=Permenkes 28/2019
Lansia (67 tahun),67,68,Male,275,50,64,Expanded from AKG 2019 official group: Laki-laki 65-80 tahun; source=Permenkes 28/2019
Lansia (67 tahun),67,68,Female,230,45,58,Expanded from AKG 2019 official group: Perempuan 65-80 tahun; source=Permenkes 28/2019
Lansia (68 tahun),68,69,Male,275,50,64,Expanded from AKG 2019 official group: Laki-laki 65-80 tahun; source=Permenkes 28/2019
Lansia (68 tahun),68,69,Female,230,45,58,Expanded from AKG 2019 official group: Perempuan 65-80 tahun; source=Permenkes 28/2019
Lansia (69 tahun),69,70,Male,275,50,64,Expanded from AKG 2019 official group: Laki-laki 65-80 tahun; source=Permenkes 28/2019
Lansia (69 tahun),69,70,Female,230,45,58,Expanded from AKG 2019 official group: Perempuan 65-80 tahun; source=Permenkes 28/2019
Lansia (70 tahun),70,71,Male,275,50,64,Expanded from AKG 2019 official group: Laki-laki 65-80 tahun; source=Permenkes 28/2019
Lansia (70 tahun),70,71,Female,230,45,58,Expanded from AKG 2019 official group: Perempuan 65-80 tahun; source=Permenkes 28/2019
Lansia (71 tahun),71,72,Male,275,50,64,Expanded from AKG 2019 official group: Laki-laki 65-80 tahun; source=Permenkes 28/2019
Lansia (71 tahun),71,72,Female,230,45,58,Expanded from AKG 2019 official group: Perempuan 65-80 tahun; source=Permenkes 28/2019
Lansia (72 tahun),72,73,Male,275,50,64,Expanded from AKG 2019 official group: Laki-laki 65-80 tahun; source=Permenkes 28/2019
Lansia (72 tahun),72,73,Female,230,45,58,Expanded from AKG 2019 official group: Perempuan 65-80 tahun; source=Permenkes 28/2019
Lansia (73 tahun),73,74,Male,275,50,64,Expanded from AKG 2019 official group: Laki-laki 65-80 tahun; source=Permenkes 28/2019
Lansia (73 tahun),73,74,Female,230,45,58,Expanded from AKG 2019 official group: Perempuan 65-80 tahun; source=Permenkes 28/2019
Lansia (74 tahun),74,75,Male,275,50,64,Expanded from AKG 2019 official group: Laki-laki 65-80 tahun; source=Permenkes 28/2019
Lansia (74 tahun),74,75,Female,230,45,58,Expanded from AKG 2019 official group: Perempuan 65-80 tahun; source=Permenkes 28/2019
Lansia (75 tahun),75,76,Male,275,50,64,Expanded from AKG 2019 official group: Laki-laki 65-80 tahun; source=Permenkes 28/2019
Lansia (75 tahun),75,76,Female,230,45,58,Expanded from AKG 2019 official group: Perempuan 65-80 tahun; source=Permenkes 28/2019
Lansia (76 tahun),76,77,Male,275,50,64,Expanded from AKG 2019 official group: Laki-laki 65-80 tahun; source=Permenkes 28/2019
Lansia (76 tahun),76,77,Female,230,45,58,Expanded from AKG 2019 official group: Perempuan 65-80 tahun; source=Permenkes 28/2019
Lansia (77 tahun),77,78,Male,275,50,64,Expanded from AKG 2019 official group: Laki-laki 65-80 tahun; source=Permenkes 28/2019
Lansia (77 tahun),77,78,Female,230,45,58,Expanded from AKG 2019 official group: Perempuan 65-80 tahun; source=Permenkes 28/2019
Lansia (78 tahun),78,79,Male,275,50,64,Expanded from AKG 2019 official group: Laki-laki 65-80 tahun; source=Permenkes 28/2019
Lansia (78 tahun),78,79,Female,230,45,58,Expanded from AKG 2019 official group: Perempuan 65-80 tahun; source=Permenkes 28/2019
Lansia (79 tahun),79,80,Male,275,50,64,Expanded from AKG 2019 official group: Laki-laki 65-80 tahun; source=Permenkes 28/2019
Lansia (79 tahun),79,80,Female,230,45,58,Expanded from AKG 2019 official group: Perempuan 65-80 tahun; source=Permenkes 28/2019
Lansia (80 tahun),80,80,Male,275,50,64,Expanded from AKG 2019 official group: Laki-laki 65-80 tahun; source=Permenkes 28/2019
Lansia (80 tahun),80,80,Female,230,45,58,Expanded from AKG 2019 official group: Perempuan 65-80 tahun; source=Permenkes 28/2019
Lansia Tua (81 tahun),81,82,Male,235,45,64,Expanded from AKG 2019 official group: Laki-laki 80+ tahun; source=Permenkes 28/2019
Lansia Tua (81 tahun),81,82,Female,200,40,58,Expanded from AKG 2019 official group: Perempuan 80+ tahun; source=Permenkes 28/2019
Lansia Tua (82 tahun),82,83,Male,235,45,64,Expanded from AKG 2019 official group: Laki-laki 80+ tahun; source=Permenkes 28/2019
Lansia Tua (82 tahun),82,83,Female,200,40,58,Expanded from AKG 2019 official group: Perempuan 80+ tahun; source=Permenkes 28/2019
Lansia Tua (83 tahun),83,84,Male,235,45,64,Expanded from AKG 2019 official group: Laki-laki 80+ tahun; source=Permenkes 28/2019
Lansia Tua (83 tahun),83,84,Female,200,40,58,Expanded from AKG 2019 official group: Perempuan 80+ tahun; source=Permenkes 28/2019
Lansia Tua (84 tahun),84,85,Male,235,45,64,Expanded from AKG 2019 official group: Laki-laki 80+ tahun; source=Permenkes 28/2019
Lansia Tua (84 tahun),84,85,Female,200,40,58,Expanded from AKG 2019 official group: Perempuan 80+ tahun; source=Permenkes 28/2019
Lansia Tua (85 tahun),85,86,Male,235,45,64,Expanded from AKG 2019 official group: Laki-laki 80+ tahun; source=Permenkes 28/2019
Lansia Tua (85 tahun),85,86,Female,200,40,58,Expanded from AKG 2019 official group: Perempuan 80+ tahun; source=Permenkes 28/2019
Lansia Tua (86 tahun),86,87,Male,235,45,64,Expanded from AKG 2019 official group: Laki-laki 80+ tahun; source=Permenkes 28/2019
Lansia Tua (86 tahun),86,87,Female,200,40,58,Expanded from AKG 2019 official group: Perempuan 80+ tahun; source=Permenkes 28/2019
Lansia Tua (87 tahun),87,88,Male,235,45,64,Expanded from AKG 2019 official group: Laki-laki 80+ tahun; source=Permenkes 28/2019
Lansia Tua (87 tahun),87,88,Female,200,40,58,Expanded from AKG 2019 official group: Perempuan 80+ tahun; source=Permenkes 28/2019
Lansia Tua (88 tahun),88,89,Male,235,45,64,Expanded from AKG 2019 official group: Laki-laki 80+ tahun; source=Permenkes 28/2019
Lansia Tua (88 tahun),88,89,Female,200,40,58,Expanded from AKG 2019 official group: Perempuan 80+ tahun; source=Permenkes 28/2019
Lansia Tua (89 tahun),89,90,Male,235,45,64,Expanded from AKG 2019 official group: Laki-laki 80+ tahun; source=Permenkes 28/2019
Lansia Tua (89 tahun),89,90,Female,200,40,58,Expanded from AKG 2019 official group: Perempuan 80+ tahun; source=Permenkes 28/2019
Lansia Tua (90 tahun),90,91,Male,235,45,64,Expanded from AKG 2019 official group: Laki-laki 80+ tahun; source=Permenkes 28/2019
Lansia Tua (90 tahun),90,91,Female,200,40,58,Expanded from AKG 2019 official group: Perempuan 80+ tahun; source=Permenkes 28/2019
Lansia Tua (91 tahun),91,92,Male,235,45,64,Expanded from AKG 2019 official group: Laki-laki 80+ tahun; source=Permenkes 28/2019
Lansia Tua (91 tahun),91,92,Female,200,40,58,Expanded from AKG 2019 official group: Perempuan 80+ tahun; source=Permenkes 28/2019
Lansia Tua (92 tahun),92,93,Male,235,45,64,Expanded from AKG 2019 official group: Laki-laki 80+ tahun; source=Permenkes 28/2019
Lansia Tua (92 tahun),92,93,Female,200,40,58,Expanded from AKG 2019 official group: Perempuan 80+ tahun; source=Permenkes 28/2019
Lansia Tua (93 tahun),93,94,Male,235,45,64,Expanded from AKG 2019 official group: Laki-laki 80+ tahun; source=Permenkes 28/2019
Lansia Tua (93 tahun),93,94,Female,200,40,58,Expanded from AKG 2019 official group: Perempuan 80+ tahun; source=Permenkes 28/2019
Lansia Tua (94 tahun),94,95,Male,235,45,64,Expanded from AKG 2019 official group: Laki-laki 80+ tahun; source=Permenkes 28/2019
Lansia Tua (94 tahun),94,95,Female,200,40,58,Expanded from AKG 2019 official group: Perempuan 80+ tahun; source=Permenkes 28/2019
Lansia Tua (95 tahun),95,96,Male,235,45,64,Expanded from AKG 2019 official group: Laki-laki 80+ tahun; source=Permenkes 28/2019
Lansia Tua (95 tahun),95,96,Female,200,40,58,Expanded from AKG 2019 official group: Perempuan 80+ tahun; source=Permenkes 28/2019
Lansia Tua (96 tahun),96,97,Male,235,45,64,Expanded from AKG 2019 official group: Laki-laki 80+ tahun; source=Permenkes 28/2019
Lansia Tua (96 tahun),96,97,Female,200,40,58,Expanded from AKG 2019 official group: Perempuan 80+ tahun; source=Permenkes 28/2019
Lansia Tua (97 tahun),97,98,Male,235,45,64,Expanded from AKG 2019 official group: Laki-laki 80+ tahun; source=Permenkes 28/2019
Lansia Tua (97 tahun),97,98,Female,200,40,58,Expanded from AKG 2019 official group: Perempuan 80+ tahun; source=Permenkes 28/2019
Lansia Tua (98 tahun),98,99,Male,235,45,64,Expanded from AKG 2019 official group: Laki-laki 80+ tahun; source=Permenkes 28/2019
Lansia Tua (98 tahun),98,99,Female,200,40,58,Expanded from AKG 2019 official group: Perempuan 80+ tahun; source=Permenkes 28/2019
Lansia Tua (99 tahun),99,100,Male,235,45,64,Expanded from AKG 2019 official group: Laki-laki 80+ tahun; source=Permenkes 28/2019
Lansia Tua (99 tahun),99,100,Female,200,40,58,Expanded from AKG 2019 official group: Perempuan 80+ tahun; source=Permenkes 28/2019
Lansia Tua (100 tahun),100,101,Male,235,45,64,Expanded from AKG 2019 official group: Laki-laki 80+ tahun; source=Permenkes 28/2019
Lansia Tua (100 tahun),100,101,Female,200,40,58,Expanded from AKG 2019 official group: Perempuan 80+ tahun; source=Permenkes 28/2019
Lansia Tua (101 tahun),101,102,Male,235,45,64,Expanded from AKG 2019 official group: Laki-laki 80+ tahun; source=Permenkes 28/2019
Lansia Tua (101 tahun),101,102,Female,200,40,58,Expanded from AKG 2019 official group: Perempuan 80+ tahun; source=Permenkes 28/2019
Lansia Tua (102 tahun),102,103,Male,235,45,64,Expanded from AKG 2019 official group: Laki-laki 80+ tahun; source=Permenkes 28/2019
Lansia Tua (102 tahun),102,103,Female,200,40,58,Expanded from AKG 2019 official group: Perempuan 80+ tahun; source=Permenkes 28/2019
Lansia Tua (103 tahun),103,104,Male,235,45,64,Expanded from AKG 2019 official group: Laki-laki 80+ tahun; source=Permenkes 28/2019
Lansia Tua (103 tahun),103,104,Female,200,40,58,Expanded from AKG 2019 official group: Perempuan 80+ tahun; source=Permenkes 28/2019
Lansia Tua (104 tahun),104,105,Male,235,45,64,Expanded from AKG 2019 official group: Laki-laki 80+ tahun; source=Permenkes 28/2019
Lansia Tua (104 tahun),104,105,Female,200,40,58,Expanded from AKG 2019 official group: Perempuan 80+ tahun; source=Permenkes 28/2019
Lansia Tua (105 tahun),105,106,Male,235,45,64,Expanded from AKG 2019 official group: Laki-laki 80+ tahun; source=Permenkes 28/2019
Lansia Tua (105 tahun),105,106,Female,200,40,58,Expanded from AKG 2019 official group: Perempuan 80+ tahun; source=Permenkes 28/2019
Lansia Tua (106 tahun),106,107,Male,235,45,64,Expanded from AKG 2019 official group: Laki-laki 80+ tahun; source=Permenkes 28/2019
Lansia Tua (106 tahun),106,107,Female,200,40,58,Expanded from AKG 2019 official group: Perempuan 80+ tahun; source=Permenkes 28/2019
Lansia Tua (107 tahun),107,108,Male,235,45,64,Expanded from AKG 2019 official group: Laki-laki 80+ tahun; source=Permenkes 28/2019
Lansia Tua (107 tahun),107,108,Female,200,40,58,Expanded from AKG 2019 official group: Perempuan 80+ tahun; source=Permenkes 28/2019
Lansia Tua (108 tahun),108,109,Male,235,45,64,Expanded from AKG 2019 official group: Laki-laki 80+ tahun; source=Permenkes 28/2019
Lansia Tua (108 tahun),108,109,Female,200,40,58,Expanded from AKG 2019 official group: Perempuan 80+ tahun; source=Permenkes 28/2019
Lansia Tua (109 tahun),109,110,Male,235,45,64,Expanded from AKG 2019 official group: Laki-laki 80+ tahun; source=Permenkes 28/2019
Lansia Tua (109 tahun),109,110,Female,200,40,58,Expanded from AKG 2019 official group: Perempuan 80+ tahun; source=Permenkes 28/2019
Lansia Tua (110 tahun),110,111,Male,235,45,64,Expanded from AKG 2019 official group: Laki-laki 80+ tahun; source=Permenkes 28/2019
Lansia Tua (110 tahun),110,111,Female,200,40,58,Expanded from AKG 2019 official group: Perempuan 80+ tahun; source=Permenkes 28/2019
Lansia Tua (111 tahun),111,112,Male,235,45,64,Expanded from AKG 2019 official group: Laki-laki 80+ tahun; source=Permenkes 28/2019
Lansia Tua (111 tahun),111,112,Female,200,40,58,Expanded from AKG 2019 official group: Perempuan 80+ tahun; source=Permenkes 28/2019
Lansia Tua (112 tahun),112,113,Male,235,45,64,Expanded from AKG 2019 official group: Laki-laki 80+ tahun; source=Permenkes 28/2019
Lansia Tua (112 tahun),112,113,Female,200,40,58,Expanded from AKG 2019 official group: Perempuan 80+ tahun; source=Permenkes 28/2019
Lansia Tua (113 tahun),113,114,Male,235,45,64,Expanded from AKG 2019 official group: Laki-laki 80+ tahun; source=Permenkes 28/2019
Lansia Tua (113 tahun),113,114,Female,200,40,58,Expanded from AKG 2019 official group: Perempuan 80+ tahun; source=Permenkes 28/2019
Lansia Tua (114 tahun),114,115,Male,235,45,64,Expanded from AKG 2019 official group: Laki-laki 80+ tahun; source=Permenkes 28/2019
Lansia Tua (114 tahun),114,115,Female,200,40,58,Expanded from AKG 2019 official group: Perempuan 80+ tahun; source=Permenkes 28/2019
Lansia Tua (115 tahun),115,116,Male,235,45,64,Expanded from AKG 2019 official group: Laki-laki 80+ tahun; source=Permenkes 28/2019
Lansia Tua (115 tahun),115,116,Female,200,40,58,Expanded from AKG 2019 official group: Perempuan 80+ tahun; source=Permenkes 28/2019
Lansia Tua (116 tahun),116,117,Male,235,45,64,Expanded from AKG 2019 official group: Laki-laki 80+ tahun; source=Permenkes 28/2019
Lansia Tua (116 tahun),116,117,Female,200,40,58,Expanded from AKG 2019 official group: Perempuan 80+ tahun; source=Permenkes 28/2019
Lansia Tua (117 tahun),117,118,Male,235,45,64,Expanded from AKG 2019 official group: Laki-laki 80+ tahun; source=Permenkes 28/2019
Lansia Tua (117 tahun),117,118,Female,200,40,58,Expanded from AKG 2019 official group: Perempuan 80+ tahun; source=Permenkes 28/2019
Lansia Tua (118 tahun),118,119,Male,235,45,64,Expanded from AKG 2019 official group: Laki-laki 80+ tahun; source=Permenkes 28/2019
Lansia Tua (118 tahun),118,119,Female,200,40,58,Expanded from AKG 2019 official group: Perempuan 80+ tahun; source=Permenkes 28/2019
Lansia Tua (119 tahun),119,120,Male,235,45,64,Expanded from AKG 2019 official group: Laki-laki 80+ tahun; source=Permenkes 28/2019
Lansia Tua (119 tahun),119,120,Female,200,40,58,Expanded from AKG 2019 official group: Perempuan 80+ tahun; source=Permenkes 28/2019
Lansia Tua (120 tahun),120,120,Male,235,45,64,Expanded from AKG 2019 official group: Laki-laki 80+ tahun; source=Permenkes 28/2019
Lansia Tua (120 tahun),120,120,Female,200,40,58,Expanded from AKG 2019 official group: Perempuan 80+ tahun; source=Permenkes 28/2019
